{
    "FinalStereoSetGenderLM": 84.45045141616855,
    "FinalStereoSetGenderICAT": 71.1472787019827,
    "FinalStereoSetGenderSS": 57.876318297357784
}